1,��Ů��װ
255,,Ůװ
255,,,����
255,,,ë�ش���
255,,,����
255,,,�����
255,,,����װ
255,,,ë�ض̿�
255,,,ţ�п�
255,,,���޴�׿�
255,,,С�ſ�
255,,,����ȹ
255,,,ë������ȹ
255,,,��������ȹ
255,,��װ
255,,,���޷�
255,,,����
255,,,����T��
255,,,�������
255,,,Ʒ���ﶬ����
255,,,����
255,,,������װ
255,,,����
255,,,���г���
255,,,�����ڿ�
255,,����/˯��
255,,,��ů����
255,,,��ů��׿�
255,,,�ﶬ˯��
255,,,ɺ����˯��
255,,,��������
255,,,������װ
255,,,����
255,,,�ڿ�
255,,,����
255,,,������
255,,,����
2,Ь������
255,,Ƥ�����
255,,,�����
255,,,�����
255,,,б���
255,,,�๦�ܰ�
255,,,˫���
255,,,������
255,,,�а�
255,,,���������
255,,,��Ƥ��
255,,,Ǯ��/����
255,,��Ь
255,,,�＾�¿�
255,,,�̳Ǿ�Ʒ
255,,,������Ь
255,,,��ů�ر�
255,,ŮЬ
255,,,��ѥ����
255,,,��ѥ��ѥ
255,,,��Ͳѥ
255,,,ѩ��ѥ
255,,,��Ь
255,,,�����и�
255,,,�����ݸ߸�
255,,,����ƽ��
255,,,����Ь
255,,,�������Ь
255,,,����Ь
255,,,��Ь���
3,������ױ
255,,����
255,,,��Ĥ
255,,,����
255,,,ˬ��ˮ
255,,,��˪/��Һ
255,,,������װ
255,,,�沿����
255,,,����
255,,,����/��ɹ
255,,,��˪
255,,,�󴽸�
255,,,T������
255,,,жױ
255,,��ױ
255,,,��ë��
255,,,�۵�Һ
255,,,�۱�
255,,,����
255,,,����
255,,,��Ӱ
255,,,ָ����
255,,��ʿ
255,,,��ʿ����
255,,,��ʿ��Һ
255,,,��ʿˬ��ˮ
255,,,��ʿ��װ
4,�˶�����
255,,�˶�Ь
255,,,��Ь
255,,,����Ь
255,,,����Ь
255,,,����Ь
255,,,�ܲ�Ь
255,,,����Ь
255,,,����Ь
255,,,ѵ��Ь
255,,�˶�����
255,,,��װ
255,,,�˶���/ȹ
255,,,����/�ֻ�
255,,,�п�
255,,,�˶���
255,,,�˶�����
255,,,���п�
255,,,�˶����
255,,,�˶�POLO
255,,,��֯��
255,,����װ��
255,,,����Ь
255,,,�����װ
255,,,������Ʒ
255,,,�������
255,,,�����Ʒ
255,,,��Զ��
255,,,����/�۾�
255,,,�����ֵ�Ͳ
255,,,���г�
255,,,�������
255,,,ˮ����Ʒ
255,,,�����þ�
5,����ҵ�
255,,�ֻ�
255,,,iphone4
255,,,iPhone4s
255,,,ME525
255,,,�����ֻ�
255,,,�ֻ����
255,,,����/�ֻ�
255,,,3G/����
255,,,Ħ������
255,,,NOKIA
255,,,HTC
255,,,htc/G13
255,,���
255,,,��Ƭ��
255,,,����
255,,,�����
255,,,����
255,,�ʼǱ�
255,,,��I3���Ա�
255,,,����
255,,,ƻ��
255,,,��˶
255,,,����
255,,,���
255,,,����
255,,,����
255,,,��֥
255,,,����
255,,,����
6,�ҾӼ�װ
255,,�ҷĴ�Ʒ
255,,,��Ʒ�׼�
255,,,���ı�
255,,,������
255,,,����
255,,�Ӽ�����
255,,,��������
255,,,�������
255,,,ϴɹ�þ�
255,,,��ԡ�þ�
255,,,���˻���
255,,,��ɡ���
255,,,��������
255,,,�Ӽ��ӻ�
255,,��������
255,,,��⿹���
255,,,����ײ�
255,,,��ζƿ��
255,,,��������
255,,,���ʺ�
255,,,�;�
255,,,ˮ��ˮ��
255,,,���
255,,�Ҿ�
255,,,ɳ��
255,,,�輸
7,ʳƷ����
255,,������ʳ
255,,,Ѽ��
255,,,Ѽ��
255,,,����
255,,,ţ���
255,,,���⸬
255,,,������
255,,,�ǹ�
255,,,����˿
255,,,���ɸ��
255,,��Ҷ��Ʒ
255,,,����
255,,,���ݴ�
255,,,������
255,,,���
255,,,�ն�
255,,,���ݲ�
255,,,ˮ����
255,,,������
255,,�۽�����
255,,,â����
255,,,���Ѹ�
255,,,÷��
255,,,���ܸ�
255,,,��ݮ��
255,,,�㽶��
255,,,õ�帬
255,,,��ݮ
8,ĸӤ��Ʒ
255,,Ӥ��ʳƷ
255,,,�䷽�̷�
255,,,���̷�
255,,,��ʳ
255,,,Ӫ��Ʒ
255,,Ӥ����Ʒ
255,,,ֽ���
255,,,��ƿ
255,,,�����
255,,,ʪ��/ֽ��
255,,,˯��/����
255,,,����/ë̺
255,,,ϴԡ����
255,,,ˮ��/ˮ��
255,,,������ϴ
255,,ͯװͯЬ
255,,,��װ
255,,,T��
255,,,����ȹ
255,,,���ȹ
255,,,���п�
255,,,��Ь
255,,,�˶�Ь
255,,,����Ь
255,,,���¿�
255,,,ñ��/���
255,,,����װ
9,�Ļ�����
255,,������Ʒ
255,,,GPS����
255,,,�����
255,,,����Ӱ��
255,,,���ȱ���
255,,,����/����
255,,,�ŵ�
255,,,ר��ר��
255,,,Ħ�г����
255,,,�ⲿװ��
255,,,������ˮ
255,,,��װ���
255,,,���ٵ��ӹ�
255,,,��������
255,,�ʻ�/����
255,,,�ʻ��ٵ�
255,,,��Ʒ����
255,,,��ֲ԰��
255,,,����
255,,ͼ��/����
255,,,�鼮
255,,,����
255,,,�����ͼ��
255,,,�ڿ���־
255,,,С˵
255,,,����
255,,,CD/DVD
255,,,�ٶ�ͼ��
255,,,����ͼ��
255,,,����ͼ��
255,,,��־ͼ��
10,��������
255,,����
255,,,����ֱ��
255,,,�ƶ���ֵ��
255,,,��ͨ��ֵ��
255,,,���ų�ֵ��
255,,,�̻���ֵ��
255,,,IP��
255,,,����绰
255,,,�ֻ����뿨
255,,,˫ɫ��
255,,,����͸
255,,,���ǲ�
255,,,���ֲ�
255,,,����3D
255,,,������
255,,,������
255,,,22ѡ5
255,,����
255,,,����������
255,,,�Լ�������
255,,,��ͥ�Ʋ���
255,,,���˹�����
255,,,�Ҳƻ�լ��
255,,,����
255,,��Ѷҵ��
255,,,Q�ҳ�ֵ
255,,,Q���ֵ
255,,,QQ��
255,,,����QQ
255,,,QQ��Ա
255,,,����
255,,,����
255,,,����
255,,,����
255,,,DNF����
255,,,CF��Ա
255,,,��������
11,Ʊ������
255,,����
255,,,���ڻ�Ʊ
255,,,���ھƵ�
255,,,�Ƶ��Ź�
255,,Ʊ��
255,,,�ݳ���Ʊ
255,,,������
255,,,�ݳ���
255,,,���ֻ�
255,,,������Ʊ
255,,,��Ȫ
255,,,������԰
255,,,���۵�ӰƱ
255,,,�ۿۻ
255,,,�����Ʊ
255,,����
255,,,����������
255,,,�Լ�������
255,,,��ͥ�Ʋ���
255,,,���˹�����
255,,,�Ҳƻ�լ��
255,,,����
